OrderNo;FileName;ErrorsValue;ErrorProviderType;CorrectionBytesCount;DecoderType;ProvidedErrorsCount;ErrorsAfterDecoding;Time [ms];FileSize [pix]
101;sandwich;5;SingleErrorsForEveryBlock;10;Extended;400;2;463;6500
102;sandwich;5;SingleErrorsForEveryBlock;16;Extended;410;4;476;6500
103;sandwich;5;SingleErrorsForEveryBlock;24;Extended;425;1;539;6500
104;sandwich;5;SingleErrorsForEveryBlock;32;Extended;440;1;549;6500
105;sandwich;5;SingleErrorsForEveryBlock;40;Extended;455;0;656;6500
106;sandwich;10;SingleErrorsForEveryBlock;10;Extended;800;727;487;6500
107;sandwich;10;SingleErrorsForEveryBlock;16;Extended;820;725;494;6500
108;sandwich;10;SingleErrorsForEveryBlock;24;Extended;850;4;535;6500
109;sandwich;10;SingleErrorsForEveryBlock;32;Extended;880;3;585;6500
110;sandwich;10;SingleErrorsForEveryBlock;40;Extended;910;6;610;6500
111;sandwich;16;SingleErrorsForEveryBlock;10;Extended;1280;1114;492;6500
112;sandwich;16;SingleErrorsForEveryBlock;16;Extended;1312;1119;496;6500
113;sandwich;16;SingleErrorsForEveryBlock;24;Extended;1360;1109;483;6500
114;sandwich;16;SingleErrorsForEveryBlock;32;Extended;1408;2;551;6500
115;sandwich;16;SingleErrorsForEveryBlock;40;Extended;1456;10;604;6500
116;sandwich;20;SingleErrorsForEveryBlock;10;Extended;1600;1358;477;6500
117;sandwich;20;SingleErrorsForEveryBlock;16;Extended;1640;1349;503;6500
118;sandwich;20;SingleErrorsForEveryBlock;24;Extended;1700;1381;523;6500
119;sandwich;20;SingleErrorsForEveryBlock;32;Extended;1760;1352;560;6500
120;sandwich;20;SingleErrorsForEveryBlock;40;Extended;1820;11;631;6500
1;sandwich;1;GroupErrorsForEveryBlock;10;Simple;80;70;51347;6500
121;sandwich;0,01;ErrorsWithProbability;10;Simple;209;197;46158;6500
2;sandwich;1;GroupErrorsForEveryBlock;16;Simple;82;73;44031;6500
122;sandwich;0,01;ErrorsWithProbability;16;Simple;221;199;41958;6500
3;sandwich;1;GroupErrorsForEveryBlock;24;Simple;85;68;41342;6500
123;sandwich;0,01;ErrorsWithProbability;24;Simple;213;190;41331;6500
4;sandwich;1;GroupErrorsForEveryBlock;32;Simple;88;72;42508;6500
124;sandwich;0,01;ErrorsWithProbability;32;Simple;232;198;42082;6500
5;sandwich;1;GroupErrorsForEveryBlock;40;Simple;91;67;40436;6500
125;sandwich;0,01;ErrorsWithProbability;40;Simple;217;173;39213;6500
6;sandwich;2;GroupErrorsForEveryBlock;10;Simple;160;100;44902;6500
126;sandwich;0,02;ErrorsWithProbability;10;Simple;431;414;44724;6500
7;sandwich;2;GroupErrorsForEveryBlock;16;Simple;164;102;43986;6500
127;sandwich;0,02;ErrorsWithProbability;16;Simple;419;384;45175;6500
8;sandwich;2;GroupErrorsForEveryBlock;24;Simple;170;101;40593;6500
128;sandwich;0,02;ErrorsWithProbability;24;Simple;436;378;43881;6500
9;sandwich;2;GroupErrorsForEveryBlock;32;Simple;176;92;39679;6500
129;sandwich;0,02;ErrorsWithProbability;32;Simple;487;399;45178;6500
10;sandwich;2;GroupErrorsForEveryBlock;40;Simple;182;96;40105;6500
130;sandwich;0,02;ErrorsWithProbability;40;Simple;463;376;44848;6500
11;sandwich;5;GroupErrorsForEveryBlock;10;Simple;400;175;44587;6500
131;sandwich;0,05;ErrorsWithProbability;10;Simple;1017;912;43654;6500
12;sandwich;5;GroupErrorsForEveryBlock;16;Simple;410;177;42715;6500
132;sandwich;0,05;ErrorsWithProbability;16;Simple;1030;898;45466;6500
13;sandwich;5;GroupErrorsForEveryBlock;24;Simple;425;180;42866;6500
133;sandwich;0,05;ErrorsWithProbability;24;Simple;1141;964;46702;6500
14;sandwich;5;GroupErrorsForEveryBlock;32;Simple;440;177;43312;6500
134;sandwich;0,05;ErrorsWithProbability;32;Simple;1154;959;46294;6500
15;sandwich;5;GroupErrorsForEveryBlock;40;Simple;455;169;40947;6500
135;sandwich;0,05;ErrorsWithProbability;40;Simple;1143;908;45633;6500
16;sandwich;10;GroupErrorsForEveryBlock;10;Simple;800;311;44730;6500
136;sandwich;0,1;ErrorsWithProbability;10;Simple;2085;1787;44969;6500
17;sandwich;10;GroupErrorsForEveryBlock;16;Simple;820;314;45021;6500
137;sandwich;0,1;ErrorsWithProbability;16;Simple;2057;1729;44206;6500
18;sandwich;10;GroupErrorsForEveryBlock;24;Simple;850;303;43807;6500
138;sandwich;0,1;ErrorsWithProbability;24;Simple;2124;1729;46679;6500
19;sandwich;10;GroupErrorsForEveryBlock;32;Simple;880;300;42522;6500
139;sandwich;0,1;ErrorsWithProbability;32;Simple;2332;1817;45236;6500
20;sandwich;10;GroupErrorsForEveryBlock;40;Simple;910;317;44807;6500
140;sandwich;0,1;ErrorsWithProbability;40;Simple;2352;1772;45614;6500
21;sandwich;16;GroupErrorsForEveryBlock;10;Simple;1280;463;44458;6500
141;sandwich;1;PercentageOfErrors;10;Simple;204;187;39597;6500
22;sandwich;16;GroupErrorsForEveryBlock;16;Simple;1312;480;43355;6500
142;sandwich;1;PercentageOfErrors;16;Simple;209;197;40079;6500
23;sandwich;16;GroupErrorsForEveryBlock;24;Simple;1360;485;44592;6500
143;sandwich;1;PercentageOfErrors;24;Simple;217;186;40791;6500
24;sandwich;16;GroupErrorsForEveryBlock;32;Simple;1408;464;45094;6500
144;sandwich;1;PercentageOfErrors;32;Simple;225;190;41406;6500
25;sandwich;16;GroupErrorsForEveryBlock;40;Simple;1456;479;44153;6500
145;sandwich;1;PercentageOfErrors;40;Simple;232;195;40376;6500
26;sandwich;20;GroupErrorsForEveryBlock;10;Simple;1600;568;44014;6500
146;sandwich;2;PercentageOfErrors;10;Simple;409;375;43593;6500
27;sandwich;20;GroupErrorsForEveryBlock;16;Simple;1640;595;44911;6500
147;sandwich;2;PercentageOfErrors;16;Simple;419;377;44764;6500
28;sandwich;20;GroupErrorsForEveryBlock;24;Simple;1700;602;45241;6500
148;sandwich;2;PercentageOfErrors;24;Simple;435;369;44559;6500
29;sandwich;20;GroupErrorsForEveryBlock;32;Simple;1760;564;47117;6500
149;sandwich;2;PercentageOfErrors;32;Simple;450;372;46105;6500
30;sandwich;20;GroupErrorsForEveryBlock;40;Simple;1820;587;48249;6500
150;sandwich;2;PercentageOfErrors;40;Simple;465;388;48061;6500
31;sandwich;1;SingleErrorsForEveryBlock;10;Simple;80;75;44765;6500
151;sandwich;5;PercentageOfErrors;10;Simple;1024;902;45338;6500
32;sandwich;1;SingleErrorsForEveryBlock;16;Simple;82;74;41541;6500
152;sandwich;5;PercentageOfErrors;16;Simple;1049;921;45097;6500
33;sandwich;1;SingleErrorsForEveryBlock;24;Simple;85;69;42813;6500
153;sandwich;5;PercentageOfErrors;24;Simple;1088;909;47121;6500
34;sandwich;1;SingleErrorsForEveryBlock;32;Simple;88;71;41671;6500
154;sandwich;5;PercentageOfErrors;32;Simple;1126;906;46013;6500
35;sandwich;1;SingleErrorsForEveryBlock;40;Simple;91;67;36740;6500
155;sandwich;5;PercentageOfErrors;40;Simple;1164;885;45234;6500
36;sandwich;2;SingleErrorsForEveryBlock;10;Simple;160;150;44081;6500
156;sandwich;10;PercentageOfErrors;10;Simple;2048;1682;44662;6500
37;sandwich;2;SingleErrorsForEveryBlock;16;Simple;164;153;44453;6500
157;sandwich;10;PercentageOfErrors;16;Simple;2099;1668;46188;6500
38;sandwich;2;SingleErrorsForEveryBlock;24;Simple;170;147;48071;6500
158;sandwich;10;PercentageOfErrors;24;Simple;2176;1681;48749;6500
39;sandwich;2;SingleErrorsForEveryBlock;32;Simple;176;151;49227;6500
159;sandwich;10;PercentageOfErrors;32;Simple;2252;1678;49385;6500
40;sandwich;2;SingleErrorsForEveryBlock;40;Simple;182;149;47403;6500
160;sandwich;10;PercentageOfErrors;40;Simple;2329;1697;48009;6500
161;sandwich;0,01;ErrorsWithProbability;10;Extended;183;20;475;6500
162;sandwich;0,01;ErrorsWithProbability;16;Extended;213;2;470;6500
163;sandwich;0,01;ErrorsWithProbability;24;Extended;218;0;504;6500
164;sandwich;0,01;ErrorsWithProbability;32;Extended;217;0;521;6500
165;sandwich;0,01;ErrorsWithProbability;40;Extended;235;2;553;6500
166;sandwich;0,02;ErrorsWithProbability;10;Extended;408;211;452;6500
167;sandwich;0,02;ErrorsWithProbability;16;Extended;425;56;492;6500
168;sandwich;0,02;ErrorsWithProbability;24;Extended;418;2;477;6500
169;sandwich;0,02;ErrorsWithProbability;32;Extended;443;2;513;6500
170;sandwich;0,02;ErrorsWithProbability;40;Extended;487;2;594;6500
171;sandwich;0,05;ErrorsWithProbability;10;Extended;978;882;451;6500
172;sandwich;0,05;ErrorsWithProbability;16;Extended;1066;931;462;6500
173;sandwich;0,05;ErrorsWithProbability;24;Extended;1119;653;509;6500
174;sandwich;0,05;ErrorsWithProbability;32;Extended;1106;152;519;6500
175;sandwich;0,05;ErrorsWithProbability;40;Extended;1173;41;555;6500
176;sandwich;0,1;ErrorsWithProbability;10;Extended;2022;1749;464;6500
177;sandwich;0,1;ErrorsWithProbability;16;Extended;2172;1811;473;6500
178;sandwich;0,1;ErrorsWithProbability;24;Extended;2261;1796;480;6500
179;sandwich;0,1;ErrorsWithProbability;32;Extended;2262;1749;538;6500
180;sandwich;0,1;ErrorsWithProbability;40;Extended;2372;1662;566;6500
181;sandwich;1;PercentageOfErrors;10;Extended;204;18;446;6500
182;sandwich;1;PercentageOfErrors;16;Extended;209;2;472;6500
183;sandwich;1;PercentageOfErrors;24;Extended;217;1;509;6500
184;sandwich;1;PercentageOfErrors;32;Extended;225;1;536;6500
185;sandwich;1;PercentageOfErrors;40;Extended;232;0;533;6500
186;sandwich;2;PercentageOfErrors;10;Extended;409;210;462;6500
187;sandwich;2;PercentageOfErrors;16;Extended;419;8;466;6500
188;sandwich;2;PercentageOfErrors;24;Extended;435;2;493;6500
41;sandwich;5;SingleErrorsForEveryBlock;10;Simple;400;369;56283;6500
189;sandwich;2;PercentageOfErrors;32;Extended;450;0;523;6500
190;sandwich;2;PercentageOfErrors;40;Extended;465;3;540;6500
191;sandwich;5;PercentageOfErrors;10;Extended;1024;902;487;6500
192;sandwich;5;PercentageOfErrors;16;Extended;1049;837;502;6500
193;sandwich;5;PercentageOfErrors;24;Extended;1088;473;508;6500
194;sandwich;5;PercentageOfErrors;32;Extended;1126;152;518;6500
195;sandwich;5;PercentageOfErrors;40;Extended;1164;40;543;6500
196;sandwich;10;PercentageOfErrors;10;Extended;2048;1668;443;6500
197;sandwich;10;PercentageOfErrors;16;Extended;2099;1682;478;6500
198;sandwich;10;PercentageOfErrors;24;Extended;2176;1668;530;6500
199;sandwich;10;PercentageOfErrors;32;Extended;2252;1634;538;6500
200;sandwich;10;PercentageOfErrors;40;Extended;2329;1339;570;6500
42;sandwich;5;SingleErrorsForEveryBlock;16;Simple;410;377;49861;6500
48;sandwich;10;SingleErrorsForEveryBlock;24;Simple;850;733;46286;6500
43;sandwich;5;SingleErrorsForEveryBlock;24;Simple;425;380;46786;6500
49;sandwich;10;SingleErrorsForEveryBlock;32;Simple;880;727;46715;6500
44;sandwich;5;SingleErrorsForEveryBlock;32;Simple;440;377;48349;6500
50;sandwich;10;SingleErrorsForEveryBlock;40;Simple;910;718;48549;6500
45;sandwich;5;SingleErrorsForEveryBlock;40;Simple;455;379;47136;6500
51;sandwich;16;SingleErrorsForEveryBlock;10;Simple;1280;1109;45793;6500
46;sandwich;10;SingleErrorsForEveryBlock;10;Simple;800;733;46093;6500
52;sandwich;16;SingleErrorsForEveryBlock;16;Simple;1312;1112;46050;6500
47;sandwich;10;SingleErrorsForEveryBlock;16;Simple;820;725;45537;6500
64;sandwich;1;GroupErrorsForEveryBlock;32;Extended;88;0;578;6500
65;sandwich;1;GroupErrorsForEveryBlock;40;Extended;91;1;602;6500
66;sandwich;2;GroupErrorsForEveryBlock;10;Extended;160;0;499;6500
67;sandwich;2;GroupErrorsForEveryBlock;16;Extended;164;0;545;6500
68;sandwich;2;GroupErrorsForEveryBlock;24;Extended;170;0;571;6500
69;sandwich;2;GroupErrorsForEveryBlock;32;Extended;176;0;624;6500
70;sandwich;2;GroupErrorsForEveryBlock;40;Extended;182;0;629;6500
71;sandwich;5;GroupErrorsForEveryBlock;10;Extended;400;1;500;6500
72;sandwich;5;GroupErrorsForEveryBlock;16;Extended;410;1;531;6500
73;sandwich;5;GroupErrorsForEveryBlock;24;Extended;425;1;551;6500
53;sandwich;16;SingleErrorsForEveryBlock;24;Simple;1360;1125;49787;6500
74;sandwich;5;GroupErrorsForEveryBlock;32;Extended;440;0;645;6500
75;sandwich;5;GroupErrorsForEveryBlock;40;Extended;455;0;670;6500
76;sandwich;10;GroupErrorsForEveryBlock;10;Extended;800;323;508;6500
77;sandwich;10;GroupErrorsForEveryBlock;16;Extended;820;318;554;6500
78;sandwich;10;GroupErrorsForEveryBlock;24;Extended;850;1;632;6500
79;sandwich;10;GroupErrorsForEveryBlock;32;Extended;880;0;559;6500
80;sandwich;10;GroupErrorsForEveryBlock;40;Extended;910;0;637;6500
81;sandwich;16;GroupErrorsForEveryBlock;10;Extended;1280;469;522;6500
82;sandwich;16;GroupErrorsForEveryBlock;16;Extended;1312;485;497;6500
83;sandwich;16;GroupErrorsForEveryBlock;24;Extended;1360;475;528;6500
84;sandwich;16;GroupErrorsForEveryBlock;32;Extended;1408;0;569;6500
85;sandwich;16;GroupErrorsForEveryBlock;40;Extended;1456;0;661;6500
86;sandwich;20;GroupErrorsForEveryBlock;10;Extended;1600;579;544;6500
87;sandwich;20;GroupErrorsForEveryBlock;16;Extended;1640;587;546;6500
88;sandwich;20;GroupErrorsForEveryBlock;24;Extended;1700;576;574;6500
89;sandwich;20;GroupErrorsForEveryBlock;32;Extended;1760;593;619;6500
90;sandwich;20;GroupErrorsForEveryBlock;40;Extended;1820;0;680;6500
91;sandwich;1;SingleErrorsForEveryBlock;10;Extended;80;0;506;6500
92;sandwich;1;SingleErrorsForEveryBlock;16;Extended;82;0;548;6500
93;sandwich;1;SingleErrorsForEveryBlock;24;Extended;85;1;586;6500
94;sandwich;1;SingleErrorsForEveryBlock;32;Extended;88;1;603;6500
95;sandwich;1;SingleErrorsForEveryBlock;40;Extended;91;1;655;6500
96;sandwich;2;SingleErrorsForEveryBlock;10;Extended;160;1;518;6500
97;sandwich;2;SingleErrorsForEveryBlock;16;Extended;164;0;599;6500
98;sandwich;2;SingleErrorsForEveryBlock;24;Extended;170;1;551;6500
99;sandwich;2;SingleErrorsForEveryBlock;32;Extended;176;1;602;6500
100;sandwich;2;SingleErrorsForEveryBlock;40;Extended;182;0;717;6500
54;sandwich;16;SingleErrorsForEveryBlock;32;Simple;1408;1087;49153;6500
55;sandwich;16;SingleErrorsForEveryBlock;40;Simple;1456;1102;36352;6500
56;sandwich;20;SingleErrorsForEveryBlock;10;Simple;1600;1380;34914;6500
57;sandwich;20;SingleErrorsForEveryBlock;16;Simple;1640;1364;35862;6500
58;sandwich;20;SingleErrorsForEveryBlock;24;Simple;1700;1387;37078;6500
59;sandwich;20;SingleErrorsForEveryBlock;32;Simple;1760;1373;36905;6500
60;sandwich;20;SingleErrorsForEveryBlock;40;Simple;1820;1358;36402;6500
61;sandwich;1;GroupErrorsForEveryBlock;10;Extended;80;1;454;6500
62;sandwich;1;GroupErrorsForEveryBlock;16;Extended;82;1;468;6500
63;sandwich;1;GroupErrorsForEveryBlock;24;Extended;85;1;474;6500
101;rgbImage;5;SingleErrorsForEveryBlock;10;Extended;495;1;531;8100
102;rgbImage;5;SingleErrorsForEveryBlock;16;Extended;510;1;555;8100
103;rgbImage;5;SingleErrorsForEveryBlock;24;Extended;525;3;614;8100
104;rgbImage;5;SingleErrorsForEveryBlock;32;Extended;545;9;617;8100
105;rgbImage;5;SingleErrorsForEveryBlock;40;Extended;565;1;674;8100
106;rgbImage;10;SingleErrorsForEveryBlock;10;Extended;990;898;526;8100
107;rgbImage;10;SingleErrorsForEveryBlock;16;Extended;1020;894;559;8100
108;rgbImage;10;SingleErrorsForEveryBlock;24;Extended;1050;3;596;8100
109;rgbImage;10;SingleErrorsForEveryBlock;32;Extended;1090;7;630;8100
110;rgbImage;10;SingleErrorsForEveryBlock;40;Extended;1130;4;657;8100
111;rgbImage;16;SingleErrorsForEveryBlock;10;Extended;1584;1396;555;8100
112;rgbImage;16;SingleErrorsForEveryBlock;16;Extended;1632;1406;563;8100
113;rgbImage;16;SingleErrorsForEveryBlock;24;Extended;1680;1347;610;8100
114;rgbImage;16;SingleErrorsForEveryBlock;32;Extended;1744;3;665;8100
115;rgbImage;16;SingleErrorsForEveryBlock;40;Extended;1808;7;695;8100
116;rgbImage;20;SingleErrorsForEveryBlock;10;Extended;1980;1702;528;8100
117;rgbImage;20;SingleErrorsForEveryBlock;16;Extended;2040;1696;587;8100
118;rgbImage;20;SingleErrorsForEveryBlock;24;Extended;2100;1671;623;8100
119;rgbImage;20;SingleErrorsForEveryBlock;32;Extended;2180;1689;627;8100
120;rgbImage;20;SingleErrorsForEveryBlock;40;Extended;2260;9;687;8100
1;rgbImage;1;GroupErrorsForEveryBlock;10;Simple;99;92;60633;8100
121;rgbImage;0,01;ErrorsWithProbability;10;Simple;233;218;50953;8100
122;rgbImage;0,01;ErrorsWithProbability;16;Simple;231;210;48203;8100
2;rgbImage;1;GroupErrorsForEveryBlock;16;Simple;102;91;52497;8100
123;rgbImage;0,01;ErrorsWithProbability;24;Simple;273;242;51571;8100
3;rgbImage;1;GroupErrorsForEveryBlock;24;Simple;105;94;54648;8100
124;rgbImage;0,01;ErrorsWithProbability;32;Simple;272;242;58079;8100
4;rgbImage;1;GroupErrorsForEveryBlock;32;Simple;109;85;58046;8100
5;rgbImage;1;GroupErrorsForEveryBlock;40;Simple;113;85;52753;8100
125;rgbImage;0,01;ErrorsWithProbability;40;Simple;321;267;56163;8100
6;rgbImage;2;GroupErrorsForEveryBlock;10;Simple;198;135;51534;8100
126;rgbImage;0,02;ErrorsWithProbability;10;Simple;521;495;52169;8100
7;rgbImage;2;GroupErrorsForEveryBlock;16;Simple;204;120;51407;8100
127;rgbImage;0,02;ErrorsWithProbability;16;Simple;503;464;53529;8100
8;rgbImage;2;GroupErrorsForEveryBlock;24;Simple;210;117;50277;8100
128;rgbImage;0,02;ErrorsWithProbability;24;Simple;538;476;52452;8100
9;rgbImage;2;GroupErrorsForEveryBlock;32;Simple;218;124;49247;8100
129;rgbImage;0,02;ErrorsWithProbability;32;Simple;578;478;53158;8100
10;rgbImage;2;GroupErrorsForEveryBlock;40;Simple;226;103;40753;8100
130;rgbImage;0,02;ErrorsWithProbability;40;Simple;520;423;51955;8100
11;rgbImage;5;GroupErrorsForEveryBlock;10;Simple;495;233;55573;8100
131;rgbImage;0,05;ErrorsWithProbability;10;Simple;1291;1172;57448;8100
12;rgbImage;5;GroupErrorsForEveryBlock;16;Simple;510;214;59379;8100
132;rgbImage;0,05;ErrorsWithProbability;16;Simple;1284;1103;62457;8100
13;rgbImage;5;GroupErrorsForEveryBlock;24;Simple;525;222;57164;8100
133;rgbImage;0,05;ErrorsWithProbability;24;Simple;1350;1162;58888;8100
14;rgbImage;5;GroupErrorsForEveryBlock;32;Simple;545;226;60499;8100
134;rgbImage;0,05;ErrorsWithProbability;32;Simple;1408;1167;64064;8100
15;rgbImage;5;GroupErrorsForEveryBlock;40;Simple;565;193;53610;8100
135;rgbImage;0,05;ErrorsWithProbability;40;Simple;1455;1147;61641;8100
16;rgbImage;10;GroupErrorsForEveryBlock;10;Simple;990;388;62204;8100
136;rgbImage;0,1;ErrorsWithProbability;10;Simple;2526;2164;62833;8100
17;rgbImage;10;GroupErrorsForEveryBlock;16;Simple;1020;384;63850;8100
137;rgbImage;0,1;ErrorsWithProbability;16;Simple;2596;2192;62890;8100
18;rgbImage;10;GroupErrorsForEveryBlock;24;Simple;1050;399;62670;8100
138;rgbImage;0,1;ErrorsWithProbability;24;Simple;2681;2184;63711;8100
19;rgbImage;10;GroupErrorsForEveryBlock;32;Simple;1090;368;57069;8100
139;rgbImage;0,1;ErrorsWithProbability;32;Simple;2775;2152;62158;8100
20;rgbImage;10;GroupErrorsForEveryBlock;40;Simple;1130;398;62044;8100
140;rgbImage;0,1;ErrorsWithProbability;40;Simple;2951;2252;64776;8100
21;rgbImage;16;GroupErrorsForEveryBlock;10;Simple;1584;585;64413;8100
141;rgbImage;1;PercentageOfErrors;10;Simple;253;240;59836;8100
22;rgbImage;16;GroupErrorsForEveryBlock;16;Simple;1632;595;67117;8100
142;rgbImage;1;PercentageOfErrors;16;Simple;261;235;60003;8100
23;rgbImage;16;GroupErrorsForEveryBlock;24;Simple;1680;582;67934;8100
143;rgbImage;1;PercentageOfErrors;24;Simple;268;242;59618;8100
24;rgbImage;16;GroupErrorsForEveryBlock;32;Simple;1744;568;61726;8100
144;rgbImage;1;PercentageOfErrors;32;Simple;279;233;55238;8100
25;rgbImage;16;GroupErrorsForEveryBlock;40;Simple;1808;587;62338;8100
145;rgbImage;1;PercentageOfErrors;40;Simple;289;235;59216;8100
26;rgbImage;20;GroupErrorsForEveryBlock;10;Simple;1980;720;64435;8100
146;rgbImage;2;PercentageOfErrors;10;Simple;506;462;62864;8100
27;rgbImage;20;GroupErrorsForEveryBlock;16;Simple;2040;723;64735;8100
147;rgbImage;2;PercentageOfErrors;16;Simple;522;471;62737;8100
28;rgbImage;20;GroupErrorsForEveryBlock;24;Simple;2100;754;64775;8100
148;rgbImage;2;PercentageOfErrors;24;Simple;537;477;62561;8100
29;rgbImage;20;GroupErrorsForEveryBlock;32;Simple;2180;726;64855;8100
149;rgbImage;2;PercentageOfErrors;32;Simple;558;474;65120;8100
30;rgbImage;20;GroupErrorsForEveryBlock;40;Simple;2260;711;65750;8100
150;rgbImage;2;PercentageOfErrors;40;Simple;578;470;63127;8100
31;rgbImage;1;SingleErrorsForEveryBlock;10;Simple;99;95;67100;8100
151;rgbImage;5;PercentageOfErrors;10;Simple;1267;1118;66175;8100
32;rgbImage;1;SingleErrorsForEveryBlock;16;Simple;102;90;56196;8100
152;rgbImage;5;PercentageOfErrors;16;Simple;1305;1132;58892;8100
33;rgbImage;1;SingleErrorsForEveryBlock;24;Simple;105;89;52354;8100
153;rgbImage;5;PercentageOfErrors;24;Simple;1344;1148;57134;8100
34;rgbImage;1;SingleErrorsForEveryBlock;32;Simple;109;91;53817;8100
154;rgbImage;5;PercentageOfErrors;32;Simple;1395;1134;61555;8100
35;rgbImage;1;SingleErrorsForEveryBlock;40;Simple;113;91;55134;8100
155;rgbImage;5;PercentageOfErrors;40;Simple;1446;1120;62106;8100
36;rgbImage;2;SingleErrorsForEveryBlock;10;Simple;198;191;61524;8100
156;rgbImage;10;PercentageOfErrors;10;Simple;2534;2079;59511;8100
37;rgbImage;2;SingleErrorsForEveryBlock;16;Simple;204;183;59900;8100
157;rgbImage;10;PercentageOfErrors;16;Simple;2611;2101;57087;8100
38;rgbImage;2;SingleErrorsForEveryBlock;24;Simple;210;180;57120;8100
158;rgbImage;10;PercentageOfErrors;24;Simple;2688;2123;57454;8100
39;rgbImage;2;SingleErrorsForEveryBlock;32;Simple;218;185;56736;8100
159;rgbImage;10;PercentageOfErrors;32;Simple;2790;2028;56856;8100
40;rgbImage;2;SingleErrorsForEveryBlock;40;Simple;226;190;58613;8100
160;rgbImage;10;PercentageOfErrors;40;Simple;2892;2112;60088;8100
161;rgbImage;0,01;ErrorsWithProbability;10;Extended;272;45;629;8100
162;rgbImage;0,01;ErrorsWithProbability;16;Extended;275;1;530;8100
163;rgbImage;0,01;ErrorsWithProbability;24;Extended;273;1;588;8100
164;rgbImage;0,01;ErrorsWithProbability;32;Extended;260;2;650;8100
165;rgbImage;0,01;ErrorsWithProbability;40;Extended;306;2;767;8100
166;rgbImage;0,02;ErrorsWithProbability;10;Extended;515;285;564;8100
167;rgbImage;0,02;ErrorsWithProbability;16;Extended;485;53;575;8100
168;rgbImage;0,02;ErrorsWithProbability;24;Extended;513;0;604;8100
169;rgbImage;0,02;ErrorsWithProbability;32;Extended;581;4;647;8100
170;rgbImage;0,02;ErrorsWithProbability;40;Extended;598;2;667;8100
171;rgbImage;0,05;ErrorsWithProbability;10;Extended;1308;1175;604;8100
172;rgbImage;0,05;ErrorsWithProbability;16;Extended;1307;1086;566;8100
173;rgbImage;0,05;ErrorsWithProbability;24;Extended;1396;813;629;8100
174;rgbImage;0,05;ErrorsWithProbability;32;Extended;1426;307;660;8100
175;rgbImage;0,05;ErrorsWithProbability;40;Extended;1475;61;691;8100
176;rgbImage;0,1;ErrorsWithProbability;10;Extended;2533;2210;562;8100
177;rgbImage;0,1;ErrorsWithProbability;16;Extended;2603;2162;607;8100
178;rgbImage;0,1;ErrorsWithProbability;24;Extended;2699;2211;608;8100
179;rgbImage;0,1;ErrorsWithProbability;32;Extended;2875;2154;653;8100
180;rgbImage;0,1;ErrorsWithProbability;40;Extended;2854;1892;698;8100
181;rgbImage;1;PercentageOfErrors;10;Extended;253;40;560;8100
182;rgbImage;1;PercentageOfErrors;16;Extended;261;0;550;8100
183;rgbImage;1;PercentageOfErrors;24;Extended;268;1;591;8100
184;rgbImage;1;PercentageOfErrors;32;Extended;279;0;649;8100
185;rgbImage;1;PercentageOfErrors;40;Extended;289;2;668;8100
186;rgbImage;2;PercentageOfErrors;10;Extended;506;280;550;8100
187;rgbImage;2;PercentageOfErrors;16;Extended;522;51;585;8100
188;rgbImage;2;PercentageOfErrors;24;Extended;537;13;583;8100
189;rgbImage;2;PercentageOfErrors;32;Extended;558;6;615;8100
190;rgbImage;2;PercentageOfErrors;40;Extended;578;3;665;8100
191;rgbImage;5;PercentageOfErrors;10;Extended;1267;1133;536;8100
192;rgbImage;5;PercentageOfErrors;16;Extended;1305;1031;577;8100
193;rgbImage;5;PercentageOfErrors;24;Extended;1344;661;638;8100
194;rgbImage;5;PercentageOfErrors;32;Extended;1395;175;642;8100
195;rgbImage;5;PercentageOfErrors;40;Extended;1446;52;667;8100
196;rgbImage;10;PercentageOfErrors;10;Extended;2534;2115;549;8100
197;rgbImage;10;PercentageOfErrors;16;Extended;2611;2079;555;8100
198;rgbImage;10;PercentageOfErrors;24;Extended;2688;2069;604;8100
199;rgbImage;10;PercentageOfErrors;32;Extended;2790;2050;644;8100
200;rgbImage;10;PercentageOfErrors;40;Extended;2892;1723;686;8100
41;rgbImage;5;SingleErrorsForEveryBlock;10;Simple;495;462;74461;8100
48;rgbImage;10;SingleErrorsForEveryBlock;24;Simple;1050;880;57357;8100
42;rgbImage;5;SingleErrorsForEveryBlock;16;Simple;510;462;56837;8100
49;rgbImage;10;SingleErrorsForEveryBlock;32;Simple;1090;889;58507;8100
43;rgbImage;5;SingleErrorsForEveryBlock;24;Simple;525;469;59455;8100
50;rgbImage;10;SingleErrorsForEveryBlock;40;Simple;1130;908;59885;8100
44;rgbImage;5;SingleErrorsForEveryBlock;32;Simple;545;454;61514;8100
51;rgbImage;16;SingleErrorsForEveryBlock;10;Simple;1584;1373;59443;8100
45;rgbImage;5;SingleErrorsForEveryBlock;40;Simple;565;463;61669;8100
52;rgbImage;16;SingleErrorsForEveryBlock;16;Simple;1632;1392;61181;8100
46;rgbImage;10;SingleErrorsForEveryBlock;10;Simple;990;906;60256;8100
53;rgbImage;16;SingleErrorsForEveryBlock;24;Simple;1680;1393;57823;8100
47;rgbImage;10;SingleErrorsForEveryBlock;16;Simple;1020;890;58853;8100
64;rgbImage;1;GroupErrorsForEveryBlock;32;Extended;109;0;734;8100
65;rgbImage;1;GroupErrorsForEveryBlock;40;Extended;113;0;809;8100
66;rgbImage;2;GroupErrorsForEveryBlock;10;Extended;198;1;731;8100
67;rgbImage;2;GroupErrorsForEveryBlock;16;Extended;204;0;782;8100
68;rgbImage;2;GroupErrorsForEveryBlock;24;Extended;210;0;755;8100
69;rgbImage;2;GroupErrorsForEveryBlock;32;Extended;218;0;748;8100
70;rgbImage;2;GroupErrorsForEveryBlock;40;Extended;226;0;866;8100
71;rgbImage;5;GroupErrorsForEveryBlock;10;Extended;495;0;691;8100
72;rgbImage;5;GroupErrorsForEveryBlock;16;Extended;510;0;738;8100
73;rgbImage;5;GroupErrorsForEveryBlock;24;Extended;525;0;842;8100
74;rgbImage;5;GroupErrorsForEveryBlock;32;Extended;545;0;802;8100
75;rgbImage;5;GroupErrorsForEveryBlock;40;Extended;565;0;846;8100
76;rgbImage;10;GroupErrorsForEveryBlock;10;Extended;990;378;669;8100
77;rgbImage;10;GroupErrorsForEveryBlock;16;Extended;1020;394;713;8100
78;rgbImage;10;GroupErrorsForEveryBlock;24;Extended;1050;1;839;8100
79;rgbImage;10;GroupErrorsForEveryBlock;32;Extended;1090;1;876;8100
80;rgbImage;10;GroupErrorsForEveryBlock;40;Extended;1130;1;848;8100
81;rgbImage;16;GroupErrorsForEveryBlock;10;Extended;1584;584;803;8100
82;rgbImage;16;GroupErrorsForEveryBlock;16;Extended;1632;586;681;8100
83;rgbImage;16;GroupErrorsForEveryBlock;24;Extended;1680;612;795;8100
84;rgbImage;16;GroupErrorsForEveryBlock;32;Extended;1744;2;862;8100
85;rgbImage;16;GroupErrorsForEveryBlock;40;Extended;1808;0;891;8100
86;rgbImage;20;GroupErrorsForEveryBlock;10;Extended;1980;725;737;8100
87;rgbImage;20;GroupErrorsForEveryBlock;16;Extended;2040;702;795;8100
88;rgbImage;20;GroupErrorsForEveryBlock;24;Extended;2100;713;895;8100
89;rgbImage;20;GroupErrorsForEveryBlock;32;Extended;2180;735;791;8100
90;rgbImage;20;GroupErrorsForEveryBlock;40;Extended;2260;1;829;8100
91;rgbImage;1;SingleErrorsForEveryBlock;10;Extended;99;2;680;8100
92;rgbImage;1;SingleErrorsForEveryBlock;16;Extended;102;0;694;8100
93;rgbImage;1;SingleErrorsForEveryBlock;24;Extended;105;0;819;8100
94;rgbImage;1;SingleErrorsForEveryBlock;32;Extended;109;2;785;8100
95;rgbImage;1;SingleErrorsForEveryBlock;40;Extended;113;1;879;8100
96;rgbImage;2;SingleErrorsForEveryBlock;10;Extended;198;0;677;8100
97;rgbImage;2;SingleErrorsForEveryBlock;16;Extended;204;0;712;8100
98;rgbImage;2;SingleErrorsForEveryBlock;24;Extended;210;1;757;8100
99;rgbImage;2;SingleErrorsForEveryBlock;32;Extended;218;2;783;8100
100;rgbImage;2;SingleErrorsForEveryBlock;40;Extended;226;0;845;8100
54;rgbImage;16;SingleErrorsForEveryBlock;32;Simple;1744;1396;74779;8100
55;rgbImage;16;SingleErrorsForEveryBlock;40;Simple;1808;1385;48584;8100
56;rgbImage;20;SingleErrorsForEveryBlock;10;Simple;1980;1693;46093;8100
57;rgbImage;20;SingleErrorsForEveryBlock;16;Simple;2040;1667;47500;8100
58;rgbImage;20;SingleErrorsForEveryBlock;24;Simple;2100;1702;48953;8100
59;rgbImage;20;SingleErrorsForEveryBlock;32;Simple;2180;1713;47539;8100
60;rgbImage;20;SingleErrorsForEveryBlock;40;Simple;2260;1697;45817;8100
61;rgbImage;1;GroupErrorsForEveryBlock;10;Extended;99;0;477;8100
62;rgbImage;1;GroupErrorsForEveryBlock;16;Extended;102;2;512;8100
63;rgbImage;1;GroupErrorsForEveryBlock;24;Extended;105;1;514;8100
101;lenaColor;5;SingleErrorsForEveryBlock;10;Extended;495;2;559;8100
102;lenaColor;5;SingleErrorsForEveryBlock;16;Extended;510;6;578;8100
103;lenaColor;5;SingleErrorsForEveryBlock;24;Extended;525;2;604;8100
104;lenaColor;5;SingleErrorsForEveryBlock;32;Extended;545;2;661;8100
105;lenaColor;5;SingleErrorsForEveryBlock;40;Extended;565;2;677;8100
106;lenaColor;10;SingleErrorsForEveryBlock;10;Extended;990;906;554;8100
107;lenaColor;10;SingleErrorsForEveryBlock;16;Extended;1020;867;573;8100
108;lenaColor;10;SingleErrorsForEveryBlock;24;Extended;1050;2;622;8100
109;lenaColor;10;SingleErrorsForEveryBlock;32;Extended;1090;3;681;8100
110;lenaColor;10;SingleErrorsForEveryBlock;40;Extended;1130;2;719;8100
111;lenaColor;16;SingleErrorsForEveryBlock;10;Extended;1584;1370;543;8100
112;lenaColor;16;SingleErrorsForEveryBlock;16;Extended;1632;1387;585;8100
113;lenaColor;16;SingleErrorsForEveryBlock;24;Extended;1680;1376;599;8100
114;lenaColor;16;SingleErrorsForEveryBlock;32;Extended;1744;5;652;8100
115;lenaColor;16;SingleErrorsForEveryBlock;40;Extended;1808;7;744;8100
116;lenaColor;20;SingleErrorsForEveryBlock;10;Extended;1980;1686;546;8100
117;lenaColor;20;SingleErrorsForEveryBlock;16;Extended;2040;1662;580;8100
118;lenaColor;20;SingleErrorsForEveryBlock;24;Extended;2100;1661;612;8100
119;lenaColor;20;SingleErrorsForEveryBlock;32;Extended;2180;1705;644;8100
120;lenaColor;20;SingleErrorsForEveryBlock;40;Extended;2260;4;696;8100
1;lenaColor;1;GroupErrorsForEveryBlock;10;Simple;99;93;66113;8100
121;lenaColor;0,01;ErrorsWithProbability;10;Simple;261;250;56174;8100
2;lenaColor;1;GroupErrorsForEveryBlock;16;Simple;102;96;56973;8100
122;lenaColor;0,01;ErrorsWithProbability;16;Simple;254;223;55985;8100
3;lenaColor;1;GroupErrorsForEveryBlock;24;Simple;105;99;58896;8100
123;lenaColor;0,01;ErrorsWithProbability;24;Simple;280;257;56349;8100
124;lenaColor;0,01;ErrorsWithProbability;32;Simple;254;219;53427;8100
4;lenaColor;1;GroupErrorsForEveryBlock;32;Simple;109;87;54230;8100
125;lenaColor;0,01;ErrorsWithProbability;40;Simple;282;231;52142;8100
5;lenaColor;1;GroupErrorsForEveryBlock;40;Simple;113;88;54310;8100
126;lenaColor;0,02;ErrorsWithProbability;10;Simple;514;482;60719;8100
6;lenaColor;2;GroupErrorsForEveryBlock;10;Simple;198;132;60515;8100
7;lenaColor;2;GroupErrorsForEveryBlock;16;Simple;204;121;59228;8100
127;lenaColor;0,02;ErrorsWithProbability;16;Simple;524;476;62698;8100
8;lenaColor;2;GroupErrorsForEveryBlock;24;Simple;210;126;57538;8100
128;lenaColor;0,02;ErrorsWithProbability;24;Simple;589;532;60388;8100
9;lenaColor;2;GroupErrorsForEveryBlock;32;Simple;218;113;52019;8100
129;lenaColor;0,02;ErrorsWithProbability;32;Simple;556;474;58213;8100
10;lenaColor;2;GroupErrorsForEveryBlock;40;Simple;226;108;48514;8100
130;lenaColor;0,02;ErrorsWithProbability;40;Simple;610;515;58608;8100
11;lenaColor;5;GroupErrorsForEveryBlock;10;Simple;495;228;57938;8100
131;lenaColor;0,05;ErrorsWithProbability;10;Simple;1319;1185;57589;8100
12;lenaColor;5;GroupErrorsForEveryBlock;16;Simple;510;200;55871;8100
132;lenaColor;0,05;ErrorsWithProbability;16;Simple;1317;1164;60670;8100
13;lenaColor;5;GroupErrorsForEveryBlock;24;Simple;525;220;57836;8100
133;lenaColor;0,05;ErrorsWithProbability;24;Simple;1360;1175;59422;8100
14;lenaColor;5;GroupErrorsForEveryBlock;32;Simple;545;207;52748;8100
134;lenaColor;0,05;ErrorsWithProbability;32;Simple;1380;1149;59103;8100
15;lenaColor;5;GroupErrorsForEveryBlock;40;Simple;565;207;49611;8100
135;lenaColor;0,05;ErrorsWithProbability;40;Simple;1448;1158;59346;8100
16;lenaColor;10;GroupErrorsForEveryBlock;10;Simple;990;387;58295;8100
136;lenaColor;0,1;ErrorsWithProbability;10;Simple;2538;2180;59121;8100
17;lenaColor;10;GroupErrorsForEveryBlock;16;Simple;1020;386;59958;8100
137;lenaColor;0,1;ErrorsWithProbability;16;Simple;2686;2253;61478;8100
18;lenaColor;10;GroupErrorsForEveryBlock;24;Simple;1050;379;62573;8100
138;lenaColor;0,1;ErrorsWithProbability;24;Simple;2622;2116;66055;8100
19;lenaColor;10;GroupErrorsForEveryBlock;32;Simple;1090;376;63636;8100
139;lenaColor;0,1;ErrorsWithProbability;32;Simple;2793;2173;61920;8100
20;lenaColor;10;GroupErrorsForEveryBlock;40;Simple;1130;364;56406;8100
140;lenaColor;0,1;ErrorsWithProbability;40;Simple;2865;2181;62740;8100
21;lenaColor;16;GroupErrorsForEveryBlock;10;Simple;1584;583;62181;8100
141;lenaColor;1;PercentageOfErrors;10;Simple;253;230;57197;8100
22;lenaColor;16;GroupErrorsForEveryBlock;16;Simple;1632;580;61514;8100
142;lenaColor;1;PercentageOfErrors;16;Simple;261;243;53446;8100
23;lenaColor;16;GroupErrorsForEveryBlock;24;Simple;1680;589;60342;8100
143;lenaColor;1;PercentageOfErrors;24;Simple;268;233;54122;8100
24;lenaColor;16;GroupErrorsForEveryBlock;32;Simple;1744;594;60594;8100
144;lenaColor;1;PercentageOfErrors;32;Simple;279;225;52339;8100
25;lenaColor;16;GroupErrorsForEveryBlock;40;Simple;1808;588;59561;8100
145;lenaColor;1;PercentageOfErrors;40;Simple;289;237;58183;8100
26;lenaColor;20;GroupErrorsForEveryBlock;10;Simple;1980;715;62333;8100
146;lenaColor;2;PercentageOfErrors;10;Simple;506;474;60186;8100
27;lenaColor;20;GroupErrorsForEveryBlock;16;Simple;2040;713;59738;8100
147;lenaColor;2;PercentageOfErrors;16;Simple;522;462;58458;8100
28;lenaColor;20;GroupErrorsForEveryBlock;24;Simple;2100;709;59244;8100
148;lenaColor;2;PercentageOfErrors;24;Simple;537;470;59664;8100
29;lenaColor;20;GroupErrorsForEveryBlock;32;Simple;2180;732;61984;8100
149;lenaColor;2;PercentageOfErrors;32;Simple;558;478;62266;8100
30;lenaColor;20;GroupErrorsForEveryBlock;40;Simple;2260;686;61858;8100
150;lenaColor;2;PercentageOfErrors;40;Simple;578;463;59256;8100
31;lenaColor;1;SingleErrorsForEveryBlock;10;Simple;99;94;57333;8100
151;lenaColor;5;PercentageOfErrors;10;Simple;1267;1103;58935;8100
32;lenaColor;1;SingleErrorsForEveryBlock;16;Simple;102;96;57844;8100
152;lenaColor;5;PercentageOfErrors;16;Simple;1305;1126;58641;8100
33;lenaColor;1;SingleErrorsForEveryBlock;24;Simple;105;88;51466;8100
153;lenaColor;5;PercentageOfErrors;24;Simple;1344;1128;58506;8100
34;lenaColor;1;SingleErrorsForEveryBlock;32;Simple;109;91;52606;8100
154;lenaColor;5;PercentageOfErrors;32;Simple;1395;1122;63361;8100
35;lenaColor;1;SingleErrorsForEveryBlock;40;Simple;113;84;53698;8100
155;lenaColor;5;PercentageOfErrors;40;Simple;1446;1128;61005;8100
36;lenaColor;2;SingleErrorsForEveryBlock;10;Simple;198;189;59940;8100
156;lenaColor;10;PercentageOfErrors;10;Simple;2534;2099;60047;8100
37;lenaColor;2;SingleErrorsForEveryBlock;16;Simple;204;194;59942;8100
157;lenaColor;10;PercentageOfErrors;16;Simple;2611;2115;56381;8100
38;lenaColor;2;SingleErrorsForEveryBlock;24;Simple;210;184;55947;8100
158;lenaColor;10;PercentageOfErrors;24;Simple;2688;2089;55393;8100
39;lenaColor;2;SingleErrorsForEveryBlock;32;Simple;218;197;55976;8100
159;lenaColor;10;PercentageOfErrors;32;Simple;2790;2068;55335;8100
40;lenaColor;2;SingleErrorsForEveryBlock;40;Simple;226;202;54820;8100
160;lenaColor;10;PercentageOfErrors;40;Simple;2892;2076;55115;8100
161;lenaColor;0,01;ErrorsWithProbability;10;Extended;246;19;559;8100
162;lenaColor;0,01;ErrorsWithProbability;16;Extended;250;1;568;8100
163;lenaColor;0,01;ErrorsWithProbability;24;Extended;255;2;570;8100
164;lenaColor;0,01;ErrorsWithProbability;32;Extended;276;1;622;8100
165;lenaColor;0,01;ErrorsWithProbability;40;Extended;266;3;625;8100
166;lenaColor;0,02;ErrorsWithProbability;10;Extended;503;283;529;8100
167;lenaColor;0,02;ErrorsWithProbability;16;Extended;524;86;584;8100
168;lenaColor;0,02;ErrorsWithProbability;24;Extended;551;4;582;8100
169;lenaColor;0,02;ErrorsWithProbability;32;Extended;540;1;595;8100
170;lenaColor;0,02;ErrorsWithProbability;40;Extended;608;2;650;8100
171;lenaColor;0,05;ErrorsWithProbability;10;Extended;1270;1159;522;8100
172;lenaColor;0,05;ErrorsWithProbability;16;Extended;1377;1182;549;8100
173;lenaColor;0,05;ErrorsWithProbability;24;Extended;1354;696;591;8100
174;lenaColor;0,05;ErrorsWithProbability;32;Extended;1372;313;632;8100
175;lenaColor;0,05;ErrorsWithProbability;40;Extended;1381;44;645;8100
176;lenaColor;0,1;ErrorsWithProbability;10;Extended;2524;2175;562;8100
177;lenaColor;0,1;ErrorsWithProbability;16;Extended;2637;2187;583;8100
178;lenaColor;0,1;ErrorsWithProbability;24;Extended;2737;2182;707;8100
179;lenaColor;0,1;ErrorsWithProbability;32;Extended;2703;2068;718;8100
180;lenaColor;0,1;ErrorsWithProbability;40;Extended;3056;2132;698;8100
181;lenaColor;1;PercentageOfErrors;10;Extended;253;18;560;8100
182;lenaColor;1;PercentageOfErrors;16;Extended;261;0;584;8100
183;lenaColor;1;PercentageOfErrors;24;Extended;268;0;631;8100
184;lenaColor;1;PercentageOfErrors;32;Extended;279;1;665;8100
185;lenaColor;1;PercentageOfErrors;40;Extended;289;2;832;8100
186;lenaColor;2;PercentageOfErrors;10;Extended;506;251;635;8100
187;lenaColor;2;PercentageOfErrors;16;Extended;522;55;665;8100
188;lenaColor;2;PercentageOfErrors;24;Extended;537;2;637;8100
189;lenaColor;2;PercentageOfErrors;32;Extended;558;5;672;8100
190;lenaColor;2;PercentageOfErrors;40;Extended;578;1;757;8100
191;lenaColor;5;PercentageOfErrors;10;Extended;1267;1117;584;8100
192;lenaColor;5;PercentageOfErrors;16;Extended;1305;1032;617;8100
193;lenaColor;5;PercentageOfErrors;24;Extended;1344;587;649;8100
194;lenaColor;5;PercentageOfErrors;32;Extended;1395;145;18863;8100
195;lenaColor;5;PercentageOfErrors;40;Extended;1446;24;738;8100
196;lenaColor;10;PercentageOfErrors;10;Extended;2534;2131;628;8100
197;lenaColor;10;PercentageOfErrors;16;Extended;2611;2115;604;8100
198;lenaColor;10;PercentageOfErrors;24;Extended;2688;2080;616;8100
41;lenaColor;5;SingleErrorsForEveryBlock;10;Simple;495;466;87665;8100
199;lenaColor;10;PercentageOfErrors;32;Extended;2790;2056;624;8100
200;lenaColor;10;PercentageOfErrors;40;Extended;2892;1749;692;8100
42;lenaColor;5;SingleErrorsForEveryBlock;16;Simple;510;466;59802;8100
48;lenaColor;10;SingleErrorsForEveryBlock;24;Simple;1050;897;109592;8100
43;lenaColor;5;SingleErrorsForEveryBlock;24;Simple;525;467;60594;8100
49;lenaColor;10;SingleErrorsForEveryBlock;32;Simple;1090;902;63011;8100
44;lenaColor;5;SingleErrorsForEveryBlock;32;Simple;545;467;63597;8100
50;lenaColor;10;SingleErrorsForEveryBlock;40;Simple;1130;891;64818;8100
45;lenaColor;5;SingleErrorsForEveryBlock;40;Simple;565;458;57662;8100
51;lenaColor;16;SingleErrorsForEveryBlock;10;Simple;1584;1396;58415;8100
46;lenaColor;10;SingleErrorsForEveryBlock;10;Simple;990;898;56358;8100
52;lenaColor;16;SingleErrorsForEveryBlock;16;Simple;1632;1378;60263;8100
47;lenaColor;10;SingleErrorsForEveryBlock;16;Simple;1020;886;64741;8100
64;lenaColor;1;GroupErrorsForEveryBlock;32;Extended;109;1;826;8100
65;lenaColor;1;GroupErrorsForEveryBlock;40;Extended;113;0;836;8100
66;lenaColor;2;GroupErrorsForEveryBlock;10;Extended;198;0;668;8100
67;lenaColor;2;GroupErrorsForEveryBlock;16;Extended;204;2;759;8100
68;lenaColor;2;GroupErrorsForEveryBlock;24;Extended;210;0;774;8100
69;lenaColor;2;GroupErrorsForEveryBlock;32;Extended;218;0;876;8100
70;lenaColor;2;GroupErrorsForEveryBlock;40;Extended;226;0;932;8100
71;lenaColor;5;GroupErrorsForEveryBlock;10;Extended;495;0;757;8100
72;lenaColor;5;GroupErrorsForEveryBlock;16;Extended;510;3;887;8100
73;lenaColor;5;GroupErrorsForEveryBlock;24;Extended;525;0;920;8100
74;lenaColor;5;GroupErrorsForEveryBlock;32;Extended;545;0;909;8100
75;lenaColor;5;GroupErrorsForEveryBlock;40;Extended;565;1;974;8100
76;lenaColor;10;GroupErrorsForEveryBlock;10;Extended;990;391;763;8100
77;lenaColor;10;GroupErrorsForEveryBlock;16;Extended;1020;385;756;8100
78;lenaColor;10;GroupErrorsForEveryBlock;24;Extended;1050;0;739;8100
79;lenaColor;10;GroupErrorsForEveryBlock;32;Extended;1090;1;1015;8100
80;lenaColor;10;GroupErrorsForEveryBlock;40;Extended;1130;0;991;8100
81;lenaColor;16;GroupErrorsForEveryBlock;10;Extended;1584;602;700;8100
82;lenaColor;16;GroupErrorsForEveryBlock;16;Extended;1632;587;745;8100
83;lenaColor;16;GroupErrorsForEveryBlock;24;Extended;1680;577;831;8100
84;lenaColor;16;GroupErrorsForEveryBlock;32;Extended;1744;2;939;8100
85;lenaColor;16;GroupErrorsForEveryBlock;40;Extended;1808;0;952;8100
86;lenaColor;20;GroupErrorsForEveryBlock;10;Extended;1980;712;890;8100
87;lenaColor;20;GroupErrorsForEveryBlock;16;Extended;2040;728;797;8100
88;lenaColor;20;GroupErrorsForEveryBlock;24;Extended;2100;717;859;8100
89;lenaColor;20;GroupErrorsForEveryBlock;32;Extended;2180;731;854;8100
90;lenaColor;20;GroupErrorsForEveryBlock;40;Extended;2260;0;894;8100
91;lenaColor;1;SingleErrorsForEveryBlock;10;Extended;99;0;740;8100
92;lenaColor;1;SingleErrorsForEveryBlock;16;Extended;102;0;684;8100
93;lenaColor;1;SingleErrorsForEveryBlock;24;Extended;105;0;763;8100
94;lenaColor;1;SingleErrorsForEveryBlock;32;Extended;109;0;811;8100
95;lenaColor;1;SingleErrorsForEveryBlock;40;Extended;113;0;959;8100
96;lenaColor;2;SingleErrorsForEveryBlock;10;Extended;198;0;784;8100
97;lenaColor;2;SingleErrorsForEveryBlock;16;Extended;204;0;772;8100
98;lenaColor;2;SingleErrorsForEveryBlock;24;Extended;210;0;812;8100
53;lenaColor;16;SingleErrorsForEveryBlock;24;Simple;1680;1368;86534;8100
99;lenaColor;2;SingleErrorsForEveryBlock;32;Extended;218;0;727;8100
100;lenaColor;2;SingleErrorsForEveryBlock;40;Extended;226;1;975;8100
54;lenaColor;16;SingleErrorsForEveryBlock;32;Simple;1744;1380;56063;8100
55;lenaColor;16;SingleErrorsForEveryBlock;40;Simple;1808;1382;44377;8100
56;lenaColor;20;SingleErrorsForEveryBlock;10;Simple;1980;1703;48112;8100
57;lenaColor;20;SingleErrorsForEveryBlock;16;Simple;2040;1690;52482;8100
58;lenaColor;20;SingleErrorsForEveryBlock;24;Simple;2100;1701;54028;8100
59;lenaColor;20;SingleErrorsForEveryBlock;32;Simple;2180;1710;51780;8100
60;lenaColor;20;SingleErrorsForEveryBlock;40;Simple;2260;1685;48390;8100
61;lenaColor;1;GroupErrorsForEveryBlock;10;Extended;99;1;496;8100
62;lenaColor;1;GroupErrorsForEveryBlock;16;Extended;102;0;513;8100
63;lenaColor;1;GroupErrorsForEveryBlock;24;Extended;105;0;528;8100
101;lenaGray;5;SingleErrorsForEveryBlock;10;Extended;495;1;553;8100
102;lenaGray;5;SingleErrorsForEveryBlock;16;Extended;510;2;566;8100
103;lenaGray;5;SingleErrorsForEveryBlock;24;Extended;525;1;672;8100
104;lenaGray;5;SingleErrorsForEveryBlock;32;Extended;545;1;660;8100
105;lenaGray;5;SingleErrorsForEveryBlock;40;Extended;565;5;634;8100
106;lenaGray;10;SingleErrorsForEveryBlock;10;Extended;990;898;572;8100
107;lenaGray;10;SingleErrorsForEveryBlock;16;Extended;1020;880;594;8100
108;lenaGray;10;SingleErrorsForEveryBlock;24;Extended;1050;4;586;8100
109;lenaGray;10;SingleErrorsForEveryBlock;32;Extended;1090;3;633;8100
110;lenaGray;10;SingleErrorsForEveryBlock;40;Extended;1130;2;685;8100
111;lenaGray;16;SingleErrorsForEveryBlock;10;Extended;1584;1364;544;8100
112;lenaGray;16;SingleErrorsForEveryBlock;16;Extended;1632;1370;585;8100
113;lenaGray;16;SingleErrorsForEveryBlock;24;Extended;1680;1403;607;8100
114;lenaGray;16;SingleErrorsForEveryBlock;32;Extended;1744;6;624;8100
115;lenaGray;16;SingleErrorsForEveryBlock;40;Extended;1808;9;946;8100
116;lenaGray;20;SingleErrorsForEveryBlock;10;Extended;1980;1704;754;8100
117;lenaGray;20;SingleErrorsForEveryBlock;16;Extended;2040;1702;657;8100
118;lenaGray;20;SingleErrorsForEveryBlock;24;Extended;2100;1678;687;8100
119;lenaGray;20;SingleErrorsForEveryBlock;32;Extended;2180;1727;752;8100
120;lenaGray;20;SingleErrorsForEveryBlock;40;Extended;2260;12;788;8100
1;lenaGray;1;GroupErrorsForEveryBlock;10;Simple;99;95;65373;8100
121;lenaGray;0,01;ErrorsWithProbability;10;Simple;251;236;53568;8100
2;lenaGray;1;GroupErrorsForEveryBlock;16;Simple;102;89;56765;8100
122;lenaGray;0,01;ErrorsWithProbability;16;Simple;263;235;59827;8100
3;lenaGray;1;GroupErrorsForEveryBlock;24;Simple;105;92;57544;8100
123;lenaGray;0,01;ErrorsWithProbability;24;Simple;254;222;55770;8100
4;lenaGray;1;GroupErrorsForEveryBlock;32;Simple;109;84;51535;8100
124;lenaGray;0,01;ErrorsWithProbability;32;Simple;271;234;52601;8100
5;lenaGray;1;GroupErrorsForEveryBlock;40;Simple;113;91;53239;8100
125;lenaGray;0,01;ErrorsWithProbability;40;Simple;300;237;58016;8100
6;lenaGray;2;GroupErrorsForEveryBlock;10;Simple;198;128;55649;8100
126;lenaGray;0,02;ErrorsWithProbability;10;Simple;509;478;58377;8100
7;lenaGray;2;GroupErrorsForEveryBlock;16;Simple;204;129;57729;8100
127;lenaGray;0,02;ErrorsWithProbability;16;Simple;533;495;63713;8100
8;lenaGray;2;GroupErrorsForEveryBlock;24;Simple;210;117;61106;8100
128;lenaGray;0,02;ErrorsWithProbability;24;Simple;529;468;68807;8100
9;lenaGray;2;GroupErrorsForEveryBlock;32;Simple;218;109;59165;8100
129;lenaGray;0,02;ErrorsWithProbability;32;Simple;596;499;67100;8100
10;lenaGray;2;GroupErrorsForEveryBlock;40;Simple;226;117;54367;8100
130;lenaGray;0,02;ErrorsWithProbability;40;Simple;628;514;58721;8100
11;lenaGray;5;GroupErrorsForEveryBlock;10;Simple;495;218;57239;8100
131;lenaGray;0,05;ErrorsWithProbability;10;Simple;1247;1122;58970;8100
12;lenaGray;5;GroupErrorsForEveryBlock;16;Simple;510;222;55193;8100
132;lenaGray;0,05;ErrorsWithProbability;16;Simple;1234;1076;56315;8100
13;lenaGray;5;GroupErrorsForEveryBlock;24;Simple;525;211;52146;8100
133;lenaGray;0,05;ErrorsWithProbability;24;Simple;1353;1153;61817;8100
14;lenaGray;5;GroupErrorsForEveryBlock;32;Simple;545;216;57030;8100
15;lenaGray;5;GroupErrorsForEveryBlock;40;Simple;565;220;51243;8100
134;lenaGray;0,05;ErrorsWithProbability;32;Simple;1443;1179;57096;8100
16;lenaGray;10;GroupErrorsForEveryBlock;10;Simple;990;392;56653;8100
135;lenaGray;0,05;ErrorsWithProbability;40;Simple;1490;1180;60286;8100
17;lenaGray;10;GroupErrorsForEveryBlock;16;Simple;1020;391;62494;8100
136;lenaGray;0,1;ErrorsWithProbability;10;Simple;2560;2185;63397;8100
18;lenaGray;10;GroupErrorsForEveryBlock;24;Simple;1050;393;61938;8100
137;lenaGray;0,1;ErrorsWithProbability;16;Simple;2575;2178;63783;8100
19;lenaGray;10;GroupErrorsForEveryBlock;32;Simple;1090;402;58046;8100
138;lenaGray;0,1;ErrorsWithProbability;24;Simple;2778;2259;60390;8100
20;lenaGray;10;GroupErrorsForEveryBlock;40;Simple;1130;340;48768;8100
139;lenaGray;0,1;ErrorsWithProbability;32;Simple;2736;2163;55487;8100
21;lenaGray;16;GroupErrorsForEveryBlock;10;Simple;1584;580;52329;8100
140;lenaGray;0,1;ErrorsWithProbability;40;Simple;2888;2201;55904;8100
22;lenaGray;16;GroupErrorsForEveryBlock;16;Simple;1632;594;53015;8100
141;lenaGray;1;PercentageOfErrors;10;Simple;253;237;49116;8100
23;lenaGray;16;GroupErrorsForEveryBlock;24;Simple;1680;600;52894;8100
142;lenaGray;1;PercentageOfErrors;16;Simple;261;233;50637;8100
24;lenaGray;16;GroupErrorsForEveryBlock;32;Simple;1744;578;53191;8100
143;lenaGray;1;PercentageOfErrors;24;Simple;268;238;49125;8100
25;lenaGray;16;GroupErrorsForEveryBlock;40;Simple;1808;574;49969;8100
144;lenaGray;1;PercentageOfErrors;32;Simple;279;246;49914;8100
26;lenaGray;20;GroupErrorsForEveryBlock;10;Simple;1980;720;53026;8100
145;lenaGray;1;PercentageOfErrors;40;Simple;289;230;47859;8100
27;lenaGray;20;GroupErrorsForEveryBlock;16;Simple;2040;737;52425;8100
146;lenaGray;2;PercentageOfErrors;10;Simple;506;480;54148;8100
28;lenaGray;20;GroupErrorsForEveryBlock;24;Simple;2100;733;53345;8100
147;lenaGray;2;PercentageOfErrors;16;Simple;522;468;55031;8100
29;lenaGray;20;GroupErrorsForEveryBlock;32;Simple;2180;718;53775;8100
148;lenaGray;2;PercentageOfErrors;24;Simple;537;482;54959;8100
30;lenaGray;20;GroupErrorsForEveryBlock;40;Simple;2260;696;52529;8100
149;lenaGray;2;PercentageOfErrors;32;Simple;558;468;54025;8100
31;lenaGray;1;SingleErrorsForEveryBlock;10;Simple;99;96;50385;8100
150;lenaGray;2;PercentageOfErrors;40;Simple;578;473;54633;8100
32;lenaGray;1;SingleErrorsForEveryBlock;16;Simple;102;90;49762;8100
151;lenaGray;5;PercentageOfErrors;10;Simple;1267;1124;54279;8100
33;lenaGray;1;SingleErrorsForEveryBlock;24;Simple;105;93;50961;8100
152;lenaGray;5;PercentageOfErrors;16;Simple;1305;1130;56358;8100
34;lenaGray;1;SingleErrorsForEveryBlock;32;Simple;109;92;49403;8100
153;lenaGray;5;PercentageOfErrors;24;Simple;1344;1108;55613;8100
35;lenaGray;1;SingleErrorsForEveryBlock;40;Simple;113;93;48694;8100
154;lenaGray;5;PercentageOfErrors;32;Simple;1395;1118;55518;8100
36;lenaGray;2;SingleErrorsForEveryBlock;10;Simple;198;189;51556;8100
155;lenaGray;5;PercentageOfErrors;40;Simple;1446;1131;54995;8100
37;lenaGray;2;SingleErrorsForEveryBlock;16;Simple;204;190;51956;8100
156;lenaGray;10;PercentageOfErrors;10;Simple;2534;2115;54428;8100
38;lenaGray;2;SingleErrorsForEveryBlock;24;Simple;210;189;53386;8100
157;lenaGray;10;PercentageOfErrors;16;Simple;2611;2102;54841;8100
39;lenaGray;2;SingleErrorsForEveryBlock;32;Simple;218;188;51896;8100
158;lenaGray;10;PercentageOfErrors;24;Simple;2688;2128;54792;8100
40;lenaGray;2;SingleErrorsForEveryBlock;40;Simple;226;176;52760;8100
159;lenaGray;10;PercentageOfErrors;32;Simple;2790;2078;55756;8100
41;lenaGray;5;SingleErrorsForEveryBlock;10;Simple;495;463;52847;8100
160;lenaGray;10;PercentageOfErrors;40;Simple;2892;2124;56092;8100
42;lenaGray;5;SingleErrorsForEveryBlock;16;Simple;510;464;53570;8100
161;lenaGray;0,01;ErrorsWithProbability;10;Extended;247;14;551;8100
162;lenaGray;0,01;ErrorsWithProbability;16;Extended;268;1;566;8100
163;lenaGray;0,01;ErrorsWithProbability;24;Extended;318;0;622;8100
164;lenaGray;0,01;ErrorsWithProbability;32;Extended;295;1;651;8100
165;lenaGray;0,01;ErrorsWithProbability;40;Extended;318;2;748;8100
166;lenaGray;0,02;ErrorsWithProbability;10;Extended;503;270;547;8100
167;lenaGray;0,02;ErrorsWithProbability;16;Extended;524;54;594;8100
168;lenaGray;0,02;ErrorsWithProbability;24;Extended;498;2;618;8100
169;lenaGray;0,02;ErrorsWithProbability;32;Extended;559;1;614;8100
170;lenaGray;0,02;ErrorsWithProbability;40;Extended;581;1;662;8100
171;lenaGray;0,05;ErrorsWithProbability;10;Extended;1231;1117;564;8100
172;lenaGray;0,05;ErrorsWithProbability;16;Extended;1308;1106;547;8100
173;lenaGray;0,05;ErrorsWithProbability;24;Extended;1349;767;593;8100
174;lenaGray;0,05;ErrorsWithProbability;32;Extended;1402;246;644;8100
175;lenaGray;0,05;ErrorsWithProbability;40;Extended;1464;39;670;8100
176;lenaGray;0,1;ErrorsWithProbability;10;Extended;2436;2104;532;8100
177;lenaGray;0,1;ErrorsWithProbability;16;Extended;2556;2179;571;8100
178;lenaGray;0,1;ErrorsWithProbability;24;Extended;2679;2228;635;8100
179;lenaGray;0,1;ErrorsWithProbability;32;Extended;2850;2213;665;8100
180;lenaGray;0,1;ErrorsWithProbability;40;Extended;2871;1944;699;8100
181;lenaGray;1;PercentageOfErrors;10;Extended;253;35;591;8100
182;lenaGray;1;PercentageOfErrors;16;Extended;261;12;540;8100
183;lenaGray;1;PercentageOfErrors;24;Extended;268;0;613;8100
184;lenaGray;1;PercentageOfErrors;32;Extended;279;0;620;8100
185;lenaGray;1;PercentageOfErrors;40;Extended;289;3;639;8100
186;lenaGray;2;PercentageOfErrors;10;Extended;506;263;543;8100
187;lenaGray;2;PercentageOfErrors;16;Extended;522;73;563;8100
188;lenaGray;2;PercentageOfErrors;24;Extended;537;0;592;8100
189;lenaGray;2;PercentageOfErrors;32;Extended;558;2;627;8100
190;lenaGray;2;PercentageOfErrors;40;Extended;578;6;624;8100
191;lenaGray;5;PercentageOfErrors;10;Extended;1267;1128;547;8100
192;lenaGray;5;PercentageOfErrors;16;Extended;1305;1047;588;8100
193;lenaGray;5;PercentageOfErrors;24;Extended;1344;634;601;8100
194;lenaGray;5;PercentageOfErrors;32;Extended;1395;151;607;8100
195;lenaGray;5;PercentageOfErrors;40;Extended;1446;52;680;8100
196;lenaGray;10;PercentageOfErrors;10;Extended;2534;2069;492;8100
197;lenaGray;10;PercentageOfErrors;16;Extended;2611;2105;552;8100
198;lenaGray;10;PercentageOfErrors;24;Extended;2688;2083;562;8100
199;lenaGray;10;PercentageOfErrors;32;Extended;2790;2065;600;8100
200;lenaGray;10;PercentageOfErrors;40;Extended;2892;1744;675;8100
43;lenaGray;5;SingleErrorsForEveryBlock;24;Simple;525;461;69812;8100
48;lenaGray;10;SingleErrorsForEveryBlock;24;Simple;1050;895;56484;8100
44;lenaGray;5;SingleErrorsForEveryBlock;32;Simple;545;449;53473;8100
49;lenaGray;10;SingleErrorsForEveryBlock;32;Simple;1090;914;55142;8100
45;lenaGray;5;SingleErrorsForEveryBlock;40;Simple;565;461;53468;8100
50;lenaGray;10;SingleErrorsForEveryBlock;40;Simple;1130;916;55890;8100
46;lenaGray;10;SingleErrorsForEveryBlock;10;Simple;990;896;66441;8100
51;lenaGray;16;SingleErrorsForEveryBlock;10;Simple;1584;1398;59064;8100
47;lenaGray;10;SingleErrorsForEveryBlock;16;Simple;1020;876;56297;8100
64;lenaGray;1;GroupErrorsForEveryBlock;32;Extended;109;1;724;8100
65;lenaGray;1;GroupErrorsForEveryBlock;40;Extended;113;0;812;8100
66;lenaGray;2;GroupErrorsForEveryBlock;10;Extended;198;0;677;8100
67;lenaGray;2;GroupErrorsForEveryBlock;16;Extended;204;3;707;8100
68;lenaGray;2;GroupErrorsForEveryBlock;24;Extended;210;1;807;8100
69;lenaGray;2;GroupErrorsForEveryBlock;32;Extended;218;0;753;8100
70;lenaGray;2;GroupErrorsForEveryBlock;40;Extended;226;1;833;8100
71;lenaGray;5;GroupErrorsForEveryBlock;10;Extended;495;3;754;8100
72;lenaGray;5;GroupErrorsForEveryBlock;16;Extended;510;0;687;8100
73;lenaGray;5;GroupErrorsForEveryBlock;24;Extended;525;0;763;8100
74;lenaGray;5;GroupErrorsForEveryBlock;32;Extended;545;1;823;8100
75;lenaGray;5;GroupErrorsForEveryBlock;40;Extended;565;2;851;8100
76;lenaGray;10;GroupErrorsForEveryBlock;10;Extended;990;387;698;8100
77;lenaGray;10;GroupErrorsForEveryBlock;16;Extended;1020;388;766;8100
78;lenaGray;10;GroupErrorsForEveryBlock;24;Extended;1050;1;705;8100
79;lenaGray;10;GroupErrorsForEveryBlock;32;Extended;1090;0;775;8100
80;lenaGray;10;GroupErrorsForEveryBlock;40;Extended;1130;0;830;8100
81;lenaGray;16;GroupErrorsForEveryBlock;10;Extended;1584;600;772;8100
82;lenaGray;16;GroupErrorsForEveryBlock;16;Extended;1632;592;664;8100
83;lenaGray;16;GroupErrorsForEveryBlock;24;Extended;1680;587;753;8100
84;lenaGray;16;GroupErrorsForEveryBlock;32;Extended;1744;1;813;8100
85;lenaGray;16;GroupErrorsForEveryBlock;40;Extended;1808;0;847;8100
86;lenaGray;20;GroupErrorsForEveryBlock;10;Extended;1980;717;618;8100
87;lenaGray;20;GroupErrorsForEveryBlock;16;Extended;2040;716;680;8100
88;lenaGray;20;GroupErrorsForEveryBlock;24;Extended;2100;735;774;8100
89;lenaGray;20;GroupErrorsForEveryBlock;32;Extended;2180;735;806;8100
90;lenaGray;20;GroupErrorsForEveryBlock;40;Extended;2260;0;860;8100
91;lenaGray;1;SingleErrorsForEveryBlock;10;Extended;99;0;608;8100
92;lenaGray;1;SingleErrorsForEveryBlock;16;Extended;102;0;592;8100
93;lenaGray;1;SingleErrorsForEveryBlock;24;Extended;105;0;707;8100
94;lenaGray;1;SingleErrorsForEveryBlock;32;Extended;109;1;727;8100
95;lenaGray;1;SingleErrorsForEveryBlock;40;Extended;113;0;766;8100
96;lenaGray;2;SingleErrorsForEveryBlock;10;Extended;198;0;614;8100
97;lenaGray;2;SingleErrorsForEveryBlock;16;Extended;204;1;661;8100
98;lenaGray;2;SingleErrorsForEveryBlock;24;Extended;210;0;711;8100
99;lenaGray;2;SingleErrorsForEveryBlock;32;Extended;218;2;737;8100
100;lenaGray;2;SingleErrorsForEveryBlock;40;Extended;226;0;728;8100
52;lenaGray;16;SingleErrorsForEveryBlock;16;Simple;1632;1384;73042;8100
53;lenaGray;16;SingleErrorsForEveryBlock;24;Simple;1680;1391;41623;8100
54;lenaGray;16;SingleErrorsForEveryBlock;32;Simple;1744;1379;41118;8100
55;lenaGray;16;SingleErrorsForEveryBlock;40;Simple;1808;1385;62736;8100
56;lenaGray;20;SingleErrorsForEveryBlock;10;Simple;1980;1706;61732;8100
57;lenaGray;20;SingleErrorsForEveryBlock;16;Simple;2040;1692;59565;8100
58;lenaGray;20;SingleErrorsForEveryBlock;24;Simple;2100;1683;59115;8100
59;lenaGray;20;SingleErrorsForEveryBlock;32;Simple;2180;1662;59945;8100
60;lenaGray;20;SingleErrorsForEveryBlock;40;Simple;2260;1709;52572;8100
61;lenaGray;1;GroupErrorsForEveryBlock;10;Extended;99;0;546;8100
62;lenaGray;1;GroupErrorsForEveryBlock;16;Extended;102;1;557;8100
63;lenaGray;1;GroupErrorsForEveryBlock;24;Extended;105;0;595;8100
